,type,year,address,comment,category,num1,status_color,status,lat,lon,yandex_addr
0,Дом жилой,XIX век,"набережная VI Армии, 41",,региональная,Объект культурного наследия:№ 3500068000,Black,Утрачен полностью или значительно разрушен,39.894361,59.235377,"Россия, Вологда, набережная 6-й Армии, 41"
1,Дом жилой,первая половина XIX века,"набережная VI Армии, 51",жилой дом,региональная,Объект культурного наследия:№ 3500000840,DarkBlue,Отреставрирован со значительными нарушениями первоначального облика,39.891415,59.232863,"Россия, Вологда, набережная 6-й Армии, 51"
2,Дом жилой (с дворовым пристроем),первая половина XIX века,"набережная VI Армии, 81",,региональная,Объект культурного наследия:№ 3500070001,Black,Утрачен полностью или значительно разрушен,39.878623,59.228623,"Россия, Вологда, набережная 6-й Армии, 81"
3,Дом жилой,третья четверть XIX века,"набережная VI Армии, 91",,региональная,Объект культурного наследия:№ 3500000842,Black,Утрачен полностью или значительно разрушен,39.882405,59.226685,"Россия, Вологда, набережная 6-й Армии, 91"
4,Дом жилой,третья четверть XIX века,"набережная VI Армии, 93",,региональная,Объект культурного наследия:№ 3500000844,Black,Утрачен полностью или значительно разрушен,39.883043,59.226538,"Россия, Вологда, набережная 6-й Армии, 93"
5,Дом Ильинских,конец XIX века,"улица Батюшкова, 8","снесён, на его месте построен торговый центр",выявленный,Объект культурного наследия:№ 3500000856,Black,Утрачен полностью или значительно разрушен,87.146248,53.742176,"Россия, Кемеровская область, Новокузнецк, улица Батюшкова, 8"
6,Дом Кирхогланина (с каретником),1912,"Благовещенская улица, 20","жилой дом, каретник утрачен",федеральная,Объект культурного наследия:№ 3500002644,DarkRed,Аварийное,39.882674,59.220556,"Россия, Вологда, Благовещенская улица, 20"
7,Дом Бутыриной,1902,"Благовещенская улица, 22",жилой дом,федеральная,Объект культурного наследия:№ 3510003000,Chocolate,Хорошее (удовлетворительное),39.882396,59.220607,"Россия, Вологда, Благовещенская улица, 22"
8,Дом Скворцова,конец XIX века,"Благовещенская улица, 23",административное здание,федеральная,Объект культурного наследия:№ 3510004000,Chocolate,Хорошее (удовлетворительное),39.880536,59.220639,"Россия, Вологда, Благовещенская улица, 23"
9,Дом жилой,начало XX века 2011 год постройки,"Благовещенская улица, 24",жилой дом,федеральная (Утрачен) новодел кирпич сайдинг сходство с оригиналом отсутствует,Объект культурного наследия:№ 3510005000,Black,Утрачен полностью или значительно разрушен,39.881992,59.220727,"Россия, Вологда, Благовещенская улица, 24"
10,Дом Колобанова,1900,"Благовещенская улица, 25",жилой дом утрачен 2012 год,федеральная,Объект культурного наследия:№ 3510006000,Black,Утрачен полностью или значительно разрушен,76.874435,43.261006,"Казахстан, Алматы, Благовещенская улица, 25"
11,Дом Андреевой,1872,"Благовещенская улица, 27",административное здание,федеральная,Объект культурного наследия:№ 3510007000,Lime,Отреставрирован,39.879863,59.220796,"Россия, Вологда, Благовещенская улица, 27"
12,Дом Иванова,вторая половина XIX века,"Благовещенская улица, 34 (улица Мальцева, 14)",административное здание,федеральная,Объект культурного наследия:№ 3510046000,Lime,Отреставрирован,39.879054,59.221486,"Россия, Вологда, Благовещенская улица, 34"
13,Дом Крылова,1902,"Благовещенская улица, 46",административное здание,федеральная,Объект культурного наследия:№ 3510008000,Lime,Отреставрирован,39.877042,59.221878,"Россия, Вологда, Благовещенская улица, 46"
14,Дом Пахолкова,вторая половина XIX века,"Благовещенская улица, 52",,выявленный,Объект культурного наследия:№ 3500000877,Black,Утрачен полностью или значительно разрушен,42.147435,56.249101,"Россия, Владимирская область, Вязники, Благовещенская улица, 52"
15,Дом Рогулина,1912,"Благовещенская улица, 70",жилой дом,региональная,Объект культурного наследия:№ 3500105000,DarkRed,Аварийное,39.869864,59.223586,"Россия, Вологда, Благовещенская улица, 70"
16,Дом Милославской (причта Сретенской церкви),1893,"улица Варенцовой, 1",спортивная школа,региональная,Объект культурного наследия:[9],Chocolate,Хорошее (удовлетворительное),39.880366,59.227947,"Россия, Вологда, улица Варенцовой, 1"
17,Дом жилой,1911,"улица Ветошкина, 3",жилой дом,региональная,Объект культурного наследия:№ 3500000902,DarkRed,Аварийное,39.888558,59.213192,"Россия, Вологда, улица Ветошкина, 3"
18,Дом жилой,1831,"улица Ветошкина, 10/56",жилой дом (заменён каменным новоделом),региональная,Объект культурного наследия:№ 3500000903,Black,Утрачен полностью или значительно разрушен,39.888954,59.212317,"Россия, Вологда, улица Ветошкина, 10"
19,Дворец культуры железнодорожников,1927,"улица Ветошкина, 12",Дворец культуры железнодорожников,региональная,Объект культурного наследия:№ 3500000784,Chocolate,Хорошее (удовлетворительное),39.889906,59.211414,"Россия, Вологда, улица Ветошкина, 12"
20,Дом Дмитриевских (Брянчаниновых-Дмитревских),начало XIX века,"улица Воровского, 6",административное здание (перенесён с улицы Кирова 56/12),федеральная,Объект культурного наследия:№ 3510011000,DarkBlue,Отреставрирован со значительными нарушениями первоначального облика,30.325561,53.898607,"Беларусь, Могилёв, улица Воровского, 6"
21,Дом жилой,XIX век,"улица Воровского, 16","жилой дом, перенесён с нарушениями форм с Октябрьской улицы, 56",выявленный,Объект культурного наследия:№ 3500000796,DarkBlue,Отреставрирован со значительными нарушениями первоначального облика,49.677114,58.593786,"Россия, Киров, улица Воровского, 16"
22,Дом Шахова,1892,"улица Воровского, 34",жилой дом,федеральная,Объект культурного наследия:№ 3510012000,DarkRed,Аварийное,49.666127,58.592229,"Россия, Киров, улица Воровского, 34"
23,Дом жилой,вторая половина XIX века,"улица Герцена, 26/44",,выявленный,Объект культурного наследия:№ 3500000999,Black,Утрачен полностью или значительно разрушен,76.956766,43.285923,"Казахстан, Алматы, улица Герцена, 26"
24,Дом Пузан-Пузыревского,"1831-1833, 1868","улица Герцена, 35",Музей дипломатического корпуса (ранее),федеральная,Объект культурного наследия:№ 3510013000,Chocolate,Хорошее (удовлетворительное),30.462949,50.473149,"Украина, Киев, улица Герцена, 35"
25,Дом Ситникова,1868,"улица Герцена, 36",Музей «Литература. Искусство. Век XX»,федеральная,Объект культурного наследия:№ 3510014000,Lime,Отреставрирован,76.956658,43.286651,"Казахстан, Алматы, улица Герцена, 36"
26,Дом Левашова,1829,"улица Герцена, 37",административное здание,федеральная,Объект культурного наследия:№ 3510015000,Lime,Отреставрирован,76.956766,43.288082,"Казахстан, Алматы, улица Герцена, 37"
27,Дом жилой,1825,"улица Герцена, 38",административное здание,федеральная,Объект культурного наследия:№ 3500002644,Lime,Отреставрирован,76.95655,43.287065,"Казахстан, Алматы, улица Герцена, 38"
28,Дом жилой,конец XIX века,"улица Герцена, 54","жилой дом (перенесён с нарушениями с улицы Кирова, 67)",выявленный,Объект культурного наследия:№ 3500000776,Lime,Отреставрирован,76.956317,43.288594,"Казахстан, Алматы, улица Герцена, 54"
29,Дом Голубевой,1898,"улица Гоголя, 3",жилой дом,федеральная,Объект культурного наследия:№ 3510017000,Black,Утрачен полностью или значительно разрушен,23.678576,52.089277,"Беларусь, Брест, улица Гоголя, 3"
30,Дом Голубева,конец XIX века,"улица Гоголя, 5","жилой дом, новодел",федеральная,Объект культурного наследия:№ 3510018000,Black,Утрачен полностью или значительно разрушен,23.67916,52.089222,"Беларусь, Брест, улица Гоголя, 5"
31,Дом Панфиловой,1847,"улица Гоголя, 11",,федеральная,Объект культурного наследия:№ 3510019000,Black,Утрачен полностью или значительно разрушен,23.684882,52.090854,"Беларусь, Брест, улица Гоголя, 11"
32,Дом жилой,1914,"улица Гоголя, 36",жилой дом,региональная,Объект культурного наследия:№ 3500024000,DarkRed,Аварийное,20.413281,44.777926,"Сербия, округ Белград, Чукарица, улица Николая Гоголя, 36"
33,Дом жилой,вторая половина XIX века,"улица Гоголя, 46/23","утрачен, на его месте построен другой новодел",региональная,Объект культурного наследия:№ 3500026000,Black,Утрачен полностью или значительно разрушен,76.934964,43.258616,"Казахстан, Алматы, улица Гоголя, 46А"
34,Дом Дыдина,1869,"улица Гоголя, 51",музыкальная школа,федеральная,Объект культурного наследия:№ 3510020000,Chocolate,Хорошее (удовлетворительное),23.692554,52.092393,"Беларусь, Брест, улица Гоголя, 51"
35,Дом жилой,вторая половина XIX век,"улица Гоголя, 52","жилой дом (перенесён с Комсомольской, 18)",региональная,Объект культурного наследия:№ 3500053000,Chocolate,Хорошее (удовлетворительное),76.945411,43.25968,"Казахстан, Алматы, улица Гоголя, 52"
36,Дом Тихановского (Вархрамеевой М. Н.),"1869, 1895","улица Гоголя, 53",жилой дом,федеральная,Объект культурного наследия:№ 3510021000,Lime,Отреставрирован,23.692868,52.092442,"Беларусь, Брест, улица Гоголя, 53"
37,Дом Вахрамеевой,1905,"улица Гоголя, 53а",,федеральная,Объект культурного наследия:№ 3510022000,Chocolate,Хорошее (удовлетворительное),104.256361,52.275798,"Россия, Иркутск, улица Гоголя, 53А"
38,Дом Гусевой,1832,"улица Гоголя, 65",жилой дом (новодел),федеральная,Объект культурного наследия:№ 3510023000,Black,Утрачен полностью или значительно разрушен,23.698168,52.093333,"Беларусь, Брест, улица Гоголя, 65"
39,Дом жилой,1903,"улица Гоголя, 82",жилой дом,федеральная,Объект культурного наследия:№ 3510024000,DarkRed,Аварийное,23.700414,52.094633,"Беларусь, Брест, улица Гоголя, 82"
40,Дом Татанова,1910,"улица Гоголя, 86",,федеральная,Объект культурного наследия:№ 3510025000,Black,Утрачен полностью или значительно разрушен,23.703504,52.095729,"Беларусь, Брест, улица Гоголя, 86"
41,Дом А. А. Молчанова с мастерской самоваров,1906,"улица Гоголя, 90",жилой дом,региональная,Объект культурного наследия:№ 3500033001,Lime,Отреставрирован,20.413029,44.771617,"Сербия, округ Белград, Чукарица, улица Николая Гоголя, 90"
42,Дом жилой,начало XX века (XIX век[10]),"улица Гоголя, 96",жилой дом,региональная,Объект культурного наследия:№ 3500034000,DarkRed,Аварийное,63.624608,53.214361,"Казахстан, Костанай, улица Гоголя, 96"
43,Дом жилой,XIX век,"улица Добролюбова, 4",жилой дом,региональная,Объект культурного наследия:№ 3500036000,Chocolate,Хорошее (удовлетворительное),30.338173,53.914367,"Беларусь, Могилёв, улица Добролюбова, 4"
44,Дом Якубовой,1852,"улица Засодимского, 5",жилой дом,региональная,Объект культурного наследия:№ 3500038000,DarkRed,Аварийное,39.87503,59.225907,"Россия, Вологда, улица Засодимского, 5"
45,Дом жилой,1840-е — 1860-е,"улица Засодимского, 8",жилой дом (новодел),федеральная,Объект культурного наследия:№ 3510027000,Chocolate,Хорошее (удовлетворительное),39.873619,59.225902,"Россия, Вологда, улица Засодимского, 8"
46,Дом жилой,третья четверть XIX века (1832 год[4]),"улица Засодимского, 9","жилой дом (перенесён с улицы Комсомольской, 25/62)",региональная,Объект культурного наследия:№ 3500055000,DarkBlue,Отреставрирован со значительными нарушениями первоначального облика,39.876009,59.225575,"Россия, Вологда, улица Засодимского, 9"
47,Дом Кульчицкого,1832,"улица Засодимского, 10",жилой дом,федеральная,Объект культурного наследия:№ 3510028000,Lime,Отреставрирован,39.874024,59.225589,"Россия, Вологда, улица Засодимского, 10"
48,Дом Шипулина,вторая половина XIX века,"улица Засодимского, 13",жилой дом,федеральная,Объект культурного наследия:№ 3510029000,DarkBlue,Отреставрирован со значительными нарушениями первоначального облика,39.875748,59.225161,"Россия, Вологда, улица Засодимского, 13"
49,Дом Воробьёва,1910,"улица Засодимского, 14",жилой дом,федеральная,Объект культурного наследия:№ 3510030000,Chocolate,Хорошее (удовлетворительное),39.873988,59.225133,"Россия, Вологда, улица Засодимского, 14"
50,Дом Непеина,1908,"улица Засодимского, 16",,региональная,Объект культурного наследия:№ 3500044000,Black,Утрачен полностью или значительно разрушен,39.874347,59.225014,"Россия, Вологда, улица Засодимского, 16"
51,Дом Соколова,вторая половина XIX века,"улица Засодимского, 22",жилой дом,региональная,Объект культурного наследия:№ 3500045000,Chocolate,Хорошее (удовлетворительное),39.875641,59.224783,"Россия, Вологда, улица Засодимского, 22"
52,Дом жилой,конец XIX века,"Зосимовская улица, 5а",жилой дом,выявленный,Объект культурного наследия:№ 3500000890,DarkRed,Аварийное,39.900659,59.22098,"Россия, Вологда, Зосимовская улица, 5"
53,Дом жилой,конец XIX века,"Зосимовская улица, 7а",новодел,выявленный,Объект культурного наследия:№ 3500000892,DarkBlue,Отреставрирован со значительными нарушениями первоначального облика,39.901512,59.220252,"Россия, Вологда, Зосимовская улица, 7А"
54,Дом жилой,начало XIX века,"улица Зосимовская, 21",жилой дом,региональная,Объект культурного наследия:№ 3500002662,Chocolate,Хорошее (удовлетворительное),39.900596,59.218857,"Россия, Вологда, Зосимовская улица, 21"
55,Дом Цеха,конец XIX века,"Зосимовская улица, 73",административное здание,выявленный,Объект культурного наследия:№ 3500000893,Chocolate,Хорошее (удовлетворительное),39.896095,59.211838,"Россия, Вологда, Зосимовская улица, 73"
56,Дом жилой,начало XX века,"Зосимовская улица, 91",,выявленный,Объект культурного наследия:№ 3500000894,Black,Утрачен полностью или значительно разрушен,39.891029,59.209797,"Россия, Вологда, Зосимовская улица, 91"
57,Дом жилой,начало XX века,"Зосимовская улица, 95",,выявленный,Объект культурного наследия:№ 3500000895,Black,Утрачен полностью или значительно разрушен,36.902558,55.402945,"Россия, Москва, поселение Новофёдоровское, деревня Архангельское, Зосимовская улица, 95"
58,Дом жилой,середина XIX века,"Зосимовская улица, 99",,выявленный,Объект культурного наследия:№ 3500000895,Black,Утрачен полностью или значительно разрушен,36.902594,55.402516,"Россия, Москва, поселение Новофёдоровское, деревня Архангельское, Зосимовская улица, 99"
59,Дом жилой,вторая половина XIX века,"Зосимовская улица, 105",,выявленный,Объект культурного наследия:№ 3500000897,Black,Утрачен полностью или значительно разрушен,39.888199,59.208572,"Россия, Вологда, Зосимовская улица, 105"
60,Дом Шкварковой,конец XIX века,"улица Кирова, 10",административное здание (новодел),выявленный,Объект культурного наследия:№ 3500000855,Black,Утрачен полностью или значительно разрушен,37.783473,47.978369,"Украина, Донецк, улица Кирова, 10"
61,Дом жилой,1887,"улица Кирова, 12/15 (улица Челюскинцев, 15)",жилой дом (новодел),федеральная,Объект культурного наследия:№ 3510033000,Black,Утрачен полностью или значительно разрушен,31.008209,52.427291,"Беларусь, Гомель, улица Кирова, 12"
62,Дом Колесниковой,1902,"улица Кирова, 15",шахматная школа,региональная,Объект культурного наследия:№ 3500047000,Chocolate,Хорошее (удовлетворительное),31.008011,52.428471,"Беларусь, Гомель, улица Кирова, 15"
63,Дом Колесниковой (главный),1891,"улица Кирова, 17",жилой дом,региональная,Объект культурного наследия:№ 3500048000,Chocolate,Хорошее (удовлетворительное),31.007813,52.428779,"Беларусь, Гомель, улица Кирова, 17"
64,"Дом Королёва, с каретником",конец XIX века,"улица Кирова, 27",,федеральная,Объект культурного наследия:№ 3510034000,Black,Утрачен полностью или значительно разрушен,31.006196,52.431014,"Беларусь, Гомель, улица Кирова, 27"
65,Доходный дом купца Смирнова Я. А.,1900 (1912[4]),"улица Кирова, 32/40",жилой дом,федеральная,Объект культурного наследия:№ 3510035000,DarkRed,Аварийное,31.005325,52.431365,"Беларусь, Гомель, улица Кирова, 32"
66,Дом Красильникова,1915,"улица Кирова, 33",жилой дом,федеральная,Объект культурного наследия:№ 3510036000,DarkRed,Аварийное,31.005684,52.432211,"Беларусь, Гомель, улица Кирова, 33"
67,Дом жилой,1883,"улица Козлёнская, 9/24",,выявленный,Объект культурного наследия:№ 3500000814,Black,Утрачен полностью или значительно разрушен,39.889897,59.217848,"Россия, Вологда, Козлёнская улица, 9"
68,Дом жилой,1892,"улица Козлёнская, 24",,выявленный,Объект культурного наследия:№ 3500000817,Black,Утрачен полностью или значительно разрушен,39.892277,59.215771,"Россия, Вологда, Козлёнская улица, 30"
69,Дом жилой,вторая половина XIX века,"улица Козлёнская, 25/39",,выявленный,Объект культурного наследия:№ 3500000818,Black,Утрачен полностью или значительно разрушен,39.892538,59.216269,"Россия, Вологда, Козлёнская улица, 21"
70,Дом жилой,начало XX века,"улица Козлёнская, 34",,выявленный,Объект культурного наследия:№ 3500000819,Black,Утрачен полностью или значительно разрушен,39.892277,59.215771,"Россия, Вологда, Козлёнская улица, 30"
71,Дом жилой,конец XIX — начало XX века,"улица Козлёнская, 70",жилой дом,федеральная,Объект культурного наследия:№ 3510037000,Chocolate,Хорошее (удовлетворительное),39.899311,59.211423,"Россия, Вологда, Козлёнская улица, 70"
72,Дом жилой,1911,"Комсомольская улица, 21",жилой дом (новодел),региональная,Объект культурного наследия:№ 3500054000,Black,Утрачен полностью или значительно разрушен,74.649084,42.882741,"Киргизия, Бишкек, Комсомольская улица, 21"
73,Усадьба Давыдова,1902,"Ленинградская улица, 2а",,выявленный,Объект культурного наследия:№ 3500000861,Chocolate,Хорошее (удовлетворительное),39.877635,59.225488,"Россия, Вологда, Ленинградская улица, 2А"
74,Дом Орлова,вторая половина XIX века,"Ленинградская улица, 4",административное здание,федеральная,Объект культурного наследия:№ 3510039000,Lime,Отреставрирован,23.778172,52.114083,"Беларусь, Брест, Ленинградская улица, 4"
75,"Дом Засодимского (Пантелеева), с каретником","1852 г., каретник начала XX века","Ленинградская улица, 6",Музей «Мир забытых вещей»,федеральная,Объект культурного наследия:№ 3510040000,Lime,Отреставрирован,27.55044,53.894708,"Беларусь, Минск, Ленинградская улица, 6"
76,Дом Засецких,"1790-е, 1896","Ленинградская улица, 12",административное здание,федеральная,Объект культурного наследия:№ 3510041000,Chocolate,Хорошее (удовлетворительное),27.549084,53.894119,"Беларусь, Минск, Ленинградская улица, 12"
77,Дом Волкова,начало XIX века,"Ленинградская улица, 28",музыкальная школа,федеральная,Объект культурного наследия:№ 3510042001,Chocolate,Хорошее (удовлетворительное),39.87176,59.22174,"Россия, Вологда, Ленинградская улица, 28"
78,Службы дома Волковых,начало XIX века,"Ленинградская улица, 30",административное здание (новодел),федеральная,Объект культурного наследия:№ 3510042003,Black,Утрачен полностью или значительно разрушен,39.871158,59.221454,"Россия, Вологда, Ленинградская улица, 30"
79,Дом Васильева,вторая половина XIX века,"Ленинградская улица, 34",административное здание,выявленный,Объект культурного наследия:№ 3500000864,Chocolate,Хорошее (удовлетворительное),39.869927,59.220902,"Россия, Вологда, Ленинградская улица, 34"
80,Дом Котовой (Кошовой?),1886,"Ленинградская улица, 38",утрачен (новодел),выявленный,Объект культурного наследия:№ 3500000865,Black,Утрачен полностью или значительно разрушен,39.869298,59.220607,"Россия, Вологда, Ленинградская улица, 38"
81,Дом Лабзиной,1903,"улица Лермонтова, 29",административное здание,выявленный,Объект культурного наследия:№ 3500000782,Chocolate,Хорошее (удовлетворительное),129.735475,62.04167,"Россия, Республика Саха (Якутия), Якутск, улица Лермонтова, 29"
82,Дом Макаушкина,1900,"улица Мальцева, 3/32",жилой дом,федеральная,Объект культурного наследия:№ 3510045000,Chocolate,Хорошее (удовлетворительное),39.880006,59.221275,"Россия, Вологда, улица Мальцева, 3"
83,Дом Андреевых,конец XIX века,"улица Мальцева, 9",,выявленный,Объект культурного наследия:№ 3500000860,Black,Утрачен полностью или значительно разрушен,40.964839,57.019403,"Россия, Иваново, улица Академика Мальцева, 9"
84,Дом Дружинина,середина XIX века,"улица Мальцева, 16/29",административное здание,федеральная,Объект культурного наследия:№ 3510047001,Chocolate,Хорошее (удовлетворительное),39.878677,59.221017,"Россия, Вологда, улица Мальцева, 16"
85,Дом жилой (флигель-людская),вторая половина XIX века,"улица Мальцева, 18",художественная школа,федеральная,Объект культурного наследия:№ 3510047002,Chocolate,Хорошее (удовлетворительное),39.878668,59.22074,"Россия, Вологда, улица Мальцева, 18"
86,Дом Рындина,первая треть XIX века,"улица Мальцева, 31",административное здание,федеральная,Объект культурного наследия:№ 3510048000,Chocolate,Хорошее (удовлетворительное),39.875748,59.216425,"Россия, Вологда, улица Мальцева, 31"
87,Дом Горбунова,1908,"улица Марии Ульяновой, 3",административное здание,выявленный,Объект культурного наследия:№ 3500000804,Chocolate,Хорошее (удовлетворительное),37.839717,48.015841,"Украина, Донецк, улица Марии Ульяновой, 3"
88,Дом жилой,конец XIX века,"улица Марии Ульяновой, 5",административное здание,выявленный,Объект культурного наследия:[9],Chocolate,Хорошее (удовлетворительное),37.522791,55.678067,"Россия, Москва, улица Марии Ульяновой, 5А"
89,Дом жилой,конец XIX века,"улица Марии Ульяновой, 27",,выявленный,Объект культурного наследия:№ 3500000813,Black,Утрачен полностью или значительно разрушен,37.520896,55.682514,"Россия, Москва, улица Марии Ульяновой, 27"
90,Дом жилой,XIX век,"улица Марии Ульяновой, 33",музей «Вологодская ссылка» («дом Сталина»),региональная,Объект культурного наследия:[9],Chocolate,Хорошее (удовлетворительное),37.519512,55.6833,"Россия, Москва, улица Марии Ульяновой, 33/23"
91,Дом жилой,XIX век,"улица Маяковского, 4","жилой дом, перенесён с улицы Герцена, 7",региональная,Объект культурного наследия:№ 3500000904,Chocolate,Хорошее (удовлетворительное),68.748778,38.567301,"Таджикистан, Душанбе, улица Маяковского, 4"
92,Дом Шушпановых,1842,"улица Маяковского, 5",жилой дом,федеральная,Объект культурного наследия:№ 3510049000,Chocolate,Хорошее (удовлетворительное),68.74691,38.566997,"Таджикистан, Душанбе, улица Маяковского, 5"
93,Дом Ильинского,1890,"улица Маяковского, 7",жилой дом,федеральная,Объект культурного наследия:№ 3500000867,Chocolate,Хорошее (удовлетворительное),68.746721,38.566574,"Таджикистан, Душанбе, улица Маяковского, 7"
94,Дом жилой,начало XX века,"улица Маяковского, 9",жилой дом,региональная,Объект культурного наследия:№ 3500000872,Chocolate,Хорошее (удовлетворительное),68.747593,38.566737,"Таджикистан, Душанбе, улица Маяковского, 9"
95,Дом Лобачёва,XIX век,"улица Маяковского, 12",жилой дом,региональная,Объект культурного наследия:[9],Chocolate,Хорошее (удовлетворительное),68.74956,38.566715,"Таджикистан, Душанбе, улица Маяковского, 12"
96,Дом жилой (флигель),XIX век,"улица Маяковского, 12а",жилой дом (заменён новоделом с нарушениями),региональная,Объект культурного наследия:[9],Black,Утрачен полностью или значительно разрушен,27.566197,53.882969,"Беларусь, Минск, улица Маяковского, 12А"
97,"Дом Бурловых (здание, где размещался Губком РКП(б))",XIX век,"Октябрьская улица, 11",административное здание,региональная,Объект культурного наследия:№ 3500005000,Chocolate,Хорошее (удовлетворительное),37.620249,54.206542,"Россия, Тула, Октябрьская улица, 11"
98,Дом жилой,третья четверть XIX века,"Октябрьская улица, 15",музыкальная школа,региональная,Объект культурного наследия:№ 3500000792,Chocolate,Хорошее (удовлетворительное),42.061251,44.242434,"Россия, Карачаево-Черкесская Республика, Черкесск, Октябрьская улица, 15"
99,Дом Галкина,1868,"Октябрьская улица, 17",спортивная школа,региональная,Объект культурного наследия:№ 3500000793,Chocolate,Хорошее (удовлетворительное),37.620231,54.207485,"Россия, Тула, Октябрьская улица, 17"
100,Дом Попова,1882,"Октябрьская улица, 43а",,федеральная,Объект культурного наследия:№ 3510059000,Black,Утрачен полностью или значительно разрушен,69.571141,42.323514,"Казахстан, Шымкент, Октябрьская улица, 43А"
101,Дом Капченко,вторая половина XIX века,"улица Первомайская, 12",жилой дом,выявленный,Объект культурного наследия:№ 3500000798,Chocolate,Хорошее (удовлетворительное),30.333161,53.899058,"Беларусь, Могилёв, Первомайская улица, 12"
102,Дом жилой,1880,"улица Первомайская, 14",жилой дом,региональная,Объект культурного наследия:№ 3500000871,Chocolate,Хорошее (удовлетворительное),30.333637,53.900209,"Беларусь, Могилёв, Первомайская улица, 14"
103,Дом жилой (Свешникова),середина XIX века,"проспект Победы, 26",жилой дом,региональная,Объект культурного наследия:[9],Chocolate,Хорошее (удовлетворительное),30.468142,50.451359,"Украина, Киев, проспект Победы, 26"
104,Дом жилой,1912,"проспект Победы, 32",жилой дом,региональная,Объект культурного наследия:№ 3500000870,Chocolate,Хорошее (удовлетворительное),30.461198,50.452758,"Украина, Киев, проспект Победы, 32"
105,Дом Михайловой,1903,"проспект Победы, 57",вторая половина XIX века,выявленный,Объект культурного наследия:№ 3500000878,Black,Утрачен полностью или значительно разрушен,30.418357,50.458436,"Украина, Киев, проспект Победы, 57"
106,Дом жилой,начало XX века,"проспект Победы, 89",,выявленный,Объект культурного наследия:№ 3500000879,Black,Утрачен полностью или значительно разрушен,30.38555,50.456606,"Украина, Киев, проспект Победы, 89"
107,Дом жилой,1840-е,"Предтеченская улица, 40",жилой дом,выявленный,Объект культурного наследия:№ 3500000766,Chocolate,Хорошее (удовлетворительное),39.891828,59.215541,"Россия, Вологда, Предтеченская улица, 40"
108,Дом Девяткова,XIX век,"Предтеченская улица, 42",жилой дом,выявленный,Объект культурного наследия:№ 3500000767,Chocolate,Хорошее (удовлетворительное),39.891514,59.215417,"Россия, Вологда, Предтеченская улица, 42"
109,Дом жилой,XIX век,"Пречистенская набережная, 18",,региональная,Объект культурного наследия:№ 3500000799,Black,Утрачен полностью или значительно разрушен,39.904324,59.222283,"Россия, Вологда, Пречистенская набережная, 18"
110,Дом Астафьева,конец XIX века,"Пречистенская набережная, 22",жилой дом (новодел),региональная,Объект культурного наследия:№ 3500000800,Black,Утрачен полностью или значительно разрушен,39.905554,59.222191,"Россия, Вологда, Пречистенская набережная, 22"
111,Дом жилой,вторая половина XIX века,"Пречистенская набережная, 32",,федеральная,Объект культурного наследия:№ 3510066000,Black,Утрачен полностью или значительно разрушен,39.907504,59.220888,"Россия, Вологда, Пречистенская набережная, 32"
112,Дом жилой,1901 (XIX век[4]),"Пролетарская улица, 17",жилой дом,региональная,Объект культурного наследия:№ 3500093000,Chocolate,Хорошее (удовлетворительное),55.10248,51.762876,"Россия, Оренбург, Пролетарская улица, 17"
113,Доходный дом,XIX век,"Пушкинская улица, 1","ресторан, новодел",выявленный,Объект культурного наследия:№ 3500000880,DarkBlue,Отреставрирован со значительными нарушениями первоначального облика,23.686095,52.093936,"Беларусь, Брест, Пушкинская улица, 1"
114,Дом жилой,середина XIX века,"Пушкинская улица, 2",административное здание,выявленный,Объект культурного наследия:[9],Chocolate,Хорошее (удовлетворительное),36.235092,49.99149,"Украина, Харьков, Пушкинская улица, 2"
115,Дом Пестовой,вторая половина XIX века,"Пушкинская улица, 5",,выявленный,Объект культурного наследия:№ 3500000882,Black,Утрачен полностью или значительно разрушен,23.686984,52.094279,"Беларусь, Брест, Пушкинская улица, 5"
116,Дом жилой,конец XIX века,"Пушкинская улица, 27",,выявленный,Объект культурного наследия:№ 3500000801,Black,Утрачен полностью или значительно разрушен,23.691197,52.095712,"Беларусь, Брест, Пушкинская улица, 27"
117,Дом Юшина,1870-е,"Советский проспект, 14",библиотека,федеральная,Объект культурного наследия:№ 3510070000,Chocolate,Хорошее (удовлетворительное),30.535982,59.830526,"Россия, Санкт-Петербург, территория Усть-Славянка, Советский проспект, 14"
118,Дом Самарина,конец XIX века,"Советский проспект, 16",,региональная,Объект культурного наследия:№ 3500000910,Chocolate,Хорошее (удовлетворительное),30.537833,59.830445,"Россия, Санкт-Петербург, территория Усть-Славянка, Советский проспект, 16"
119,"Дом, в котором отбывала ссылку М. И. Ульянова (дом Самарина)",начало XX века,"Советский проспект, 16а",музей «Вологда на рубеже веков»,региональная,Объект культурного наследия:№ 3500000911,Chocolate,Хорошее (удовлетворительное),30.537833,59.830445,"Россия, Санкт-Петербург, территория Усть-Славянка, Советский проспект, 16"
120,Дом Самарина,начало XX века,"Советский проспект, 16б",планируется размещение музея Гаврилина[источник не указан 4367 дней],региональная,Объект культурного наследия:№ 3500000912,Lime,Отреставрирован,39.893553,59.216757,"Россия, Вологда, Советский проспект, 16Б"
121,Дом Левина-Ватагина,первая половина XIX века,"Советский проспект, 18",административное здание,региональная,Объект культурного наследия:№ 3500000913,Chocolate,Хорошее (удовлетворительное),30.539324,59.830051,"Россия, Санкт-Петербург, территория Усть-Славянка, Советский проспект, 18"
122,Дом Соковикова,первая половина XIX века,"Советский проспект, 20",административное здание,федеральная,Объект культурного наследия:№ 3510071000,Chocolate,Хорошее (удовлетворительное),30.541184,59.829685,"Россия, Санкт-Петербург, территория Усть-Славянка, Советский проспект, 20"
123,Дом Красненьковой,первая половина XIX века,"Советский проспект, 48/61",административное здание,региональная,Объект культурного наследия:№ 3500000914,Chocolate,Хорошее (удовлетворительное),39.900174,59.213929,"Россия, Вологда, Советский проспект, 48"
124,Дом жилой,1906,"Торговая площадь, 5",,региональная,Объект культурного наследия:№ 3500000883,Chocolate,Хорошее (удовлетворительное),39.886582,59.222813,"Россия, Вологда, Торговая площадь, 5"
125,Дом Коноплёва,1906,"Торговая площадь, 9",административное здание,региональная,Объект культурного наследия:№ 3500000884,Chocolate,Хорошее (удовлетворительное),39.886447,59.223089,"Россия, Вологда, Торговая площадь, 9"
126,Дом жилой,1907 (конец XIX века),"Торговая площадь, 13",жилой дом,региональная,Объект культурного наследия:№ 3500000885,Chocolate,Хорошее (удовлетворительное),39.885774,59.223342,"Россия, Вологда, Торговая площадь, 13"
127,Дом Красавина,1902,"Торговая площадь, 15",,региональная,Объект культурного наследия:№ 3500000886,Black,Утрачен полностью или значительно разрушен,39.885935,59.223513,"Россия, Вологда, Торговая площадь, 15"
128,Дом жилой,вторая половина XIX века,"Торговая площадь, 17",жилой дом (новодел),выявленный,Объект культурного наследия:№ 3500000803,Black,Утрачен полностью или значительно разрушен,39.886357,59.223729,"Россия, Вологда, Торговая площадь, 17"
129,Дом жилой,1912,"улица Ударников, 10",жилой дом,региональная,Объект культурного наследия:№ 3500096000,Chocolate,Хорошее (удовлетворительное),39.472836,52.578065,"Россия, Липецк, посёлок Сырский, улица Ударников, 10"
130,Дом Назарова,1906,"улица Чернышевского, 2",жилой дом,региональная,Объект культурного наследия:№ 3500000821,DarkRed,Аварийное,27.602677,53.926329,"Беларусь, Минск, улица Чернышевского, 2"
131,Дом Копылова,1867,"улица Чернышевского, 11",административное здание,региональная,Объект культурного наследия:№ 3500000823,DarkBlue,Отреставрирован со значительными нарушениями первоначального облика,27.59815,53.927634,"Беларусь, Минск, улица Чернышевского, 11"
132,"Дом, в котором жил Н. В. Шелгунов",XIX век,"улица Чернышевского, 13",,региональная,Объект культурного наследия:№ 3500000968,Black,Утрачен полностью или значительно разрушен,27.597288,53.927692,"Беларусь, Минск, улица Чернышевского, 13"
133,Дом Зернова,1913,"улица Чернышевского, 15",библиотека,выявленный,Объект культурного наследия:№ 3500000825,Chocolate,Хорошее (удовлетворительное),27.597099,53.928196,"Беларусь, Минск, улица Чернышевского, 15"
134,Дом Черноглазова,1905,"улица Чернышевского, 17/64",административное здание,выявленный,Объект культурного наследия:№ 3500000826,Chocolate,Хорошее (удовлетворительное),39.893661,59.226782,"Россия, Вологда, улица Чернышевского, 17"
135,Дом жилой,1902,"улица Чернышевского, 18",,выявленный,Объект культурного наследия:№ 3500000827,Black,Утрачен полностью или значительно разрушен,45.989628,51.510345,"Россия, Саратов, улица имени Н.Г. Чернышевского, 18"
136,Дом жилой,XIX век,"улица Чернышевского, 20","административное здание, новодел",выявленный,Объект культурного наследия:№ 3500000828,Black,Утрачен полностью или значительно разрушен,45.988299,51.509678,"Россия, Саратов, улица имени Н.Г. Чернышевского, 20"
137,Дом жилой,XIX век,"улица Чернышевского, 24",,выявленный,Объект культурного наследия:№ 3500000829,Black,Утрачен полностью или значительно разрушен,129.730642,62.020629,"Россия, Республика Саха (Якутия), Якутск, улица Чернышевского, 24"
138,"Дом, в котором жил В. А. Гиляровский",XIX век,"улица Чернышевского, 26",,региональная,Объект культурного наследия:№ 3500000830,Black,Утрачен полностью или значительно разрушен,129.730534,62.020101,"Россия, Республика Саха (Якутия), Якутск, улица Чернышевского, 26"
139,Дом Рогулина,1908,"улица Чернышевского, 28",,региональная,Объект культурного наследия:№ 3500000831,Black,Утрачен полностью или значительно разрушен,129.73013,62.019827,"Россия, Республика Саха (Якутия), Якутск, улица Чернышевского, 28"
140,Дом жилой,1900,"улица Чернышевского, 35",жилой дом,выявленный,Объект культурного наследия:№ 3500000833,Chocolate,Хорошее (удовлетворительное),63.603031,53.202049,"Казахстан, Костанай, улица Чернышевского, 35"
141,Дом В.Соколова,1896,"улица Чернышевского, 36",,выявленный,Объект культурного наследия:№ 3500000834,Black,Утрачен полностью или значительно разрушен,129.727911,62.01867,"Россия, Республика Саха (Якутия), Якутск, улица Чернышевского, 36"
142,Дом Скворцовых,вторая половина XIX века (1904 г.),"улица Чернышевского, 37/1",жилой дом,региональная,Объект культурного наследия:№ 3500000832,DarkRed,Аварийное,39.896005,59.229263,"Россия, Вологда, улица Чернышевского, 37"
143,Дом Смирнова,конец XIX — начало XX века,"улица Чернышевского, 42",,региональная,Объект культурного наследия:№ 3500000835,Black,Утрачен полностью или значительно разрушен,45.988442,51.508618,"Россия, Саратов, улица имени Н.Г. Чернышевского, 42"
144,Дом жилой,XIX век,"улица Чернышевского, 44",,выявленный,Объект культурного наследия:№ 3500000836,Black,Утрачен полностью или значительно разрушен,129.726537,62.01775,"Россия, Республика Саха (Якутия), Якутск, улица Чернышевского, 44"
145,Дом Извощикова,1915,"улица Чернышевского, 55/15",,региональная,Объект культурного наследия:№ 3500000837,DarkRed,Аварийное,39.898054,59.231298,"Россия, Вологда, улица Чернышевского, 55"
146,Дом жилой,середина XIX века,"улица Чернышевского, 57",,выявленный,Объект культурного наследия:№ 3500000838,Black,Утрачен полностью или значительно разрушен,63.599294,53.20234,"Казахстан, Костанай, улица Чернышевского, 57"
147,Дом Крупенникова,середина XIX века,"улица Чернышевского, 61",,выявленный,Объект культурного наследия:№ 3500000839,DarkRed,Аварийное,45.995252,51.513579,"Россия, Саратов, улица имени Н.Г. Чернышевского, 61"
148,Дом Лаврова,1872,"улица Энгельса, 11",административное здание,региональная,Объект культурного наследия:№ 3500107000,DarkBlue,Отреставрирован со значительными нарушениями первоначального облика,39.208399,51.674142,"Россия, Воронеж, улица Фридриха Энгельса, 11"
149,Дом Лаврова,1902,"улица Энгельса, 11а",жилой дом,региональная,Объект культурного наследия:№ 3500106000,DarkBlue,Отреставрирован со значительными нарушениями первоначального облика,61.381749,55.16919,"Россия, Челябинск, улица Энгельса, 11А"
150,Дом Воронина,1905,"улица Энгельса, 15/2",жилой дом,федеральная,Объект культурного наследия:№ 3510084000,DarkRed,Аварийное,45.126769,54.17174,"Россия, Республика Мордовия, Саранск, улица Фридриха Энгельса, 15к2"
151,Дом жилой,начало XIX века,"улица Энгельса, 22",,федеральная,Объект культурного наследия:№ 3510085000,Black,Утрачен полностью или значительно разрушен,39.204985,51.670065,"Россия, Воронеж, улица Фридриха Энгельса, 22"
152,Дом жилой,1893,"улица Энгельса, 29",,федеральная,Объект культурного наследия:№ 3510086000,Black,Утрачен полностью или значительно разрушен,39.2045,51.668456,"Россия, Воронеж, улица Фридриха Энгельса, 29"
153,Дом жилой,начало XIX века,"улица Энгельса, 33",,региональная,Объект культурного наследия:№ 3500111000,Black,Утрачен полностью или значительно разрушен,39.203629,51.666998,"Россия, Воронеж, улица Фридриха Энгельса, 33"
154,Дом Едемского,1908,"улица Энгельса, 39",,региональная,Объект культурного наследия:№ 3500112000,DarkRed,Аварийное,58.392766,37.93657,"Туркменистан, Ашхабад, улица Азади, 39"
